RGDP,IP,Income,Trade,Employ
-0.7684364807611622,-2.0915394496584168,-0.07523191267074357,-1.2888580227034379,-0.3622988074114261
,-0.22921673274554413,-0.06404637738762042,-0.10656546215266381,0.0975585820833388
,-0.2958421418744251,0.24875600989020938,-1.2083759651504051,0.13724139420168732
-0.5007057760614296,-0.428524843069023,-1.2445752876529155,-0.6273227010532629,-0.451602157809794
,-0.2820053773321849,-0.009681491460545432,0.7672894357321012,-0.7381676980638912
,-0.49782807722774025,0.16368050709349882,0.166503128862227,-0.4337378308084212
0.21765439310076443,0.09556972554495041,0.4782023563885649,-0.09093594807595207,-0.1512916400492988
,-0.34644485717274254,-0.0322902092341011,-0.22497066114119096,-0.4838428810146823
,-0.8793287922425529,-0.7601101890336325,-0.3366096433192235,-0.19166259614093478
-1.6184762177818026,-2.2465731241161166,-1.2141775698318167,-1.0961051313405754,-1.2145816847189543
,-0.7919906528318933,-0.3970185606359819,-1.655183677960472,-0.4763488249978656
,2.2342167580286802,0.05862919549075182,2.5963716361637195,0.7097168406030829
1.8710428559412295,0.6418713515934751,1.1553860559398286,0.6740497912134105,-0.034285438502014515
,-0.35925953130504246,-0.17503103507680995,0.30489307661550347,-0.3464451088966091
,-0.27356940851081496,0.08775808307610106,0.17903209052989316,-0.08199191623066254
-0.13302808212748446,0.42509406176041525,0.09040120121627003,0.29217855526766057,0.21086242676936628
,0.3688622086795426,0.29389245125502494,0.2434763566990542,0.29297675206855067
,0.2768011607450637,-0.2673134071340425,1.0188823682403176,-0.19173505777691371
0.1264296161192591,-0.46323981380592955,-0.13906157417750362,-1.1936366673546972,-0.06383616631163035
,-0.7655574317384763,0.24881348046283863,0.36623219974030363,-0.07105925554840341
,1.5342532190097036,0.34045871252812965,0.604550373625286,0.3615471830401029
-0.4148928525112825,0.6200202858199414,0.2926591112688779,-0.12379629898059258,-0.14233097669065414
,0.28209043829163205,0.3050020250032726,1.2969873807580472,0.2746022472856964
,1.0435629744525547,0.6026248211879217,0.6337277493300609,0.40711615431069836
1.061307019952051,2.337098873896535,0.5380001858117234,0.7418203218279052,0.5687111568796286
,0.8963242358414536,0.5330821210263115,-1.1302440345211133,0.27393525240962974
,0.5662706718216378,0.6703101865961831,1.4390209429887801,0.47931525290057747
1.4593620801946598,0.8741320986420068,0.1642686351501098,0.4108519267663174,0.29605997252877575
,-0.15060129697134492,0.310586073095199,0.3551810074795176,0.49985864285876075
,0.11435138722916459,0.13183443144908116,0.19786464766216527,0.45555128020094426
0.2384956144865843,-0.2587563769137663,0.66774776389978,-0.7285730167551294,-0.32043423077344685
,1.271040048763612,1.2057933815473567,1.916056997045225,0.7808082746893973
,0.6472379503421425,0.4012145471108554,1.322454067631887,0.07166842811715897
0.9113424578000637,1.1799085332087438,2.2809920964300696,1.025041847389255,0.7234205700106915
,1.0741844671371048,0.8062031188624229,1.4918439677102033,0.46743909278674534
,1.0138465091149078,0.578731299319813,0.9841979493615926,0.45573995698616704
1.6488253685454113,0.5956933206080256,-1.158784453020365,0.9316497968483464,0.5742169599783232
,1.3381347636060699,0.2532027713970889,-0.04752220745877608,0.6777349111461588
,-0.11583219166973621,-0.26709179067749184,-0.5343714156477088,0.3911405373895545
0.3717609781271583,-0.30395030060331896,0.1280627923337966,-0.5469620167521252,0.16999590961348293
,0.5246278575993188,0.23196799017469016,-0.46529424035698774,0.21771266996415312
,-0.026120231895363895,0.2535776320128313,-0.3593491745851544,0.31792485074679894
-1.1157064928681484,0.22583150375887404,0.2715647945929543,1.0097348196337679,-0.15124633640326143
,-0.3059700237240101,-0.9531323621797307,-1.9952371067823576,0.3512198692264176
,0.6687374069298435,0.6256283354279574,0.4204361942627874,0.027880580771175705
0.24323206172247344,0.6808094052633767,1.0921182731562789,2.0631570010613602,0.5145718586756919
,0.3150413511221427,0.01997338540054584,1.2329154538284541,0.4723452051240263
,-0.4545747386006874,-0.6962958107593987,-1.3572408137102618,0.032098768634128104
-1.4232884427673447,-0.8534193288286869,-2.1612874924769927,-0.10542653352797748,-0.05908171734018457
,-0.4770808962336497,-1.3331316263714652,-0.6144526141445373,0.12446382365227016
,-0.16668521809510062,-1.4005031336316305,0.11190877035777774,-0.11773675314023684
-0.4122834723706629,-0.46565473608293767,-1.0980354223463586,-0.8231569227232931,-0.022943299003557675
,0.6722214214704617,-0.23259150195747383,0.20125048661161923,0.15125732661623392
,-0.358718983062691,-0.40023555461925353,-0.490212726935955,-0.0901456778015571
-1.5021235611748547,0.0502759783856242,-0.2155097874817073,-0.3848910834163017,-0.13961062626265494
,-1.2654093115461442,-0.5540539895857199,-1.0343383918669895,-0.24480146429999633
,-0.1433818258185968,-0.5269764546591662,-0.9267981564047718,-0.22763619133325297
-0.9890938541371681,-0.4901637349628485,0.0006691816041670675,-1.684874689936553,-0.16537856287576058
,-3.59106296222491,-1.5426471777872697,-1.1220887245265416,-0.991732298920433
,-3.9097813444859324,-0.9040722760602277,-2.7530435531542423,-1.5301618511209718
-1.753038137416426,-1.6057597347176336,-0.812755037369293,-0.4044438357390351,-0.9885588859196617
,-2.5393560862580147,-1.0433163869391093,-0.7508176399747045,-1.027118402845315
,-1.3079058668307368,-0.3422309903513847,-2.8164493030924134,-0.8007280223009376
0.027166678568492836,0.03983965866380909,-0.5130967051739321,0.6934020588070503,-0.622263463728603
,-0.4650719040819208,0.48165449975521474,-0.20459435873987963,0.15367426823019584
,0.49878822428986896,-0.019243660297314086,0.6033418234836408,-0.4351775740128818
0.9459903261901288,0.9261226190980609,-0.4011031009886724,0.25069692832739626,0.3408532454223336
,0.8663856024186303,0.9683550850565911,0.8435638987624697,0.6336505472521885
,1.1892212595532559,0.10480499723260137,0.02537926471339036,-0.04425882427737589
0.6097708632311555,0.2918714529044691,0.3298138601090082,-0.07747977151343784,0.4735002737130465
,-0.017263201611303902,0.0026770469435583952,-0.3129299146871781,0.10727853824118673
,1.2535087222518455,-0.27054297737977656,0.7436861818065452,0.5129384135323135
1.4411025957969221,1.2235108318197716,0.5090794133900153,1.9850445141777109,0.8430033687444967
,0.8906515168418881,0.6771689210479475,0.20031305271778632,0.4645764219731561
,0.04981313746995419,0.28370988448799317,0.47795923638224147,0.28846051948079043
0.044369433482880215,0.37668289008675543,0.4956670514852821,0.2347013897965165,0.3126224593280538
,0.2688157252401277,0.13796366084512296,-0.2812366334556224,-0.1657478762224339
,-0.051039219136499954,-0.2256198439334491,0.8925826478044604,-0.07213150972778466
-0.1269560799075897,0.42727070399447525,0.19262018027984204,-0.12337842282294532,0.15525919308339275
,0.5518341045211785,0.2603008239465733,0.11830664019331477,0.12477519121411426
,0.1796458156247955,-0.08476693121627742,0.06917153600997636,0.1897591930768076
0.03444691426355436,-0.1864515588284968,-0.20692463726412016,-1.2183622931575682,-0.16818001222823448
,1.4435419349419563,0.9371377000544848,1.2724375898582916,0.48651133222238124
,0.9587401326738485,0.18323088026240933,2.0855433003215325,0.22916564366423714
0.4615754312140905,-0.8797024763915244,-0.9202576143037448,-0.7559241006327774,0.2993611154681413
,1.4932303862709075,0.2226098298259995,1.0069600683725204,0.41496527877659495
,1.150515685106114,0.3863801947659192,0.8755695885938282,0.6314764670068731
1.1577711120114262,0.8576600253830504,0.43802147498813326,-0.29049292331363397,0.4904649858450384
,0.6554855050247749,0.4727945457975416,-0.12910672891629527,0.5350782652404275
,0.6408150744549009,0.15473227452338234,0.6060246560560296,0.61405524281379
1.029936874196031,-0.01877115844641839,0.2521444467081872,0.05408567932774086,0.49958559471463776
,-0.06417951465117983,0.09408115586293947,-0.03969190543581332,0.2827002561770918
,0.2608565062615901,0.9016094466985729,0.13733078164845838,0.7200804513833479
-0.6294309619018108,2.1251973962323596e-05,1.4266225617382593,0.4718585545650542,0.3331477760037147
,0.03735475568477086,0.6290497910541799,0.21592315404955204,0.5428784878535323
,0.01585439336543855,0.4901288766674398,0.9767790630653967,0.26686929254473424
-0.3366055414539422,-1.6800438089719203,-0.9225579519409045,-2.8671153366185234,0.159568314202952
,0.4042685401398719,0.47652656302805496,1.8251066445763562,0.49792230033144536
,1.8508926007285313,0.6257980700360564,0.6954189046785888,0.8088795227521177
2.929236419991775,1.9100058158868758,0.8975261256925465,2.4702816074427494,1.1779989433837463
,0.34915313654858554,-0.2747124198581781,-0.2677995821305227,0.4713589430130211
,0.5128154192917328,0.5634799774434734,0.30127963445585904,0.652013678960045
0.2953003809872016,-0.23898975108887432,0.0047049251562163875,-0.9063710030801703,0.28468930594826375
,0.2575829298145138,0.3701882367090579,0.9583350374959222,0.33163616830823006
,0.09446288859217268,0.07114115965707189,-0.38449536954978353,0.057905173741002895
0.6070370147746025,0.6390519224675675,0.33830587005638335,0.597351904239771,0.43692825214598185
,0.6413270939595792,-0.13644112349940216,0.19522195830292216,0.6263474341087101
,0.3663375225157835,0.6575430196466076,0.28459509849998854,0.3262944867551545
-0.465812266843928,-0.7261181367940757,0.0357651751645373,-1.1429539180363295,0.05243508413337259
,0.35157112886898517,0.5401336588823915,-0.598573703763021,0.26107235355535957
,0.1621669392004967,0.12625591945809217,2.351302096553266,0.5952011347061174
-0.5329255060606329,-1.3914754020253968,-1.837979234859321,-2.548515996279814,-0.3252551127218135
,0.7601294781155381,-0.7822763064666072,1.7554061332872573,0.49380248777072633
,-0.14376459901378896,-0.09045149497123958,-1.0790438245816072,0.3912749532535367
0.053057618482282326,-0.32882644702532143,-0.15856975938164877,-0.2953328915421965,-0.004165648382483664
,-0.8403973827825975,-0.06758798167352434,-0.03225397657867125,-0.05304997357420268
,-0.16758668072112995,-0.22074063112368342,-0.6791047015986159,-0.15785445867092907
-0.4009074708752593,0.5606931468886441,-0.37046692631602113,-0.44627173943002174,0.07941745217140526
,-0.3286477710479192,0.1519218176171676,-0.15124680775703112,-0.03671600716518844
,-0.0891875313027431,0.04214124132443417,-0.44039412001329736,-0.023847023010192123
-0.3414615480474744,0.39373463034588607,-0.5132811859117935,0.5574314573171074,0.02992904440411382
,-0.12173440290623627,-0.934226095678225,-1.008675718954403,-0.05404689336685758
,-0.5977736353264393,-0.8632321775564363,-2.1796836996012416,-0.0021925908197647577
-2.5294858875291557,-2.2275751751757626,-0.6443008748995552,-2.060316585904912,-0.47724873382620897
,-2.7163644538300966,-0.9840777619344819,-1.3062843772349801,-1.0052551298520025
,-1.5058352440659404,-0.08647883678084704,-0.43669012880972274,-0.8037234460222419
-0.7407642948482229,-0.9026979804152392,-0.858624310704501,0.9212218807220366,-0.6971923614640521
,0.17264200020461862,0.20769417193025183,0.44710762446793545,0.2782227997445922
,1.5806485108531327,0.17918007189937865,1.6611721790656473,0.005220392336109833
1.0868330535784487,1.1642994832684257,1.4474989090169725,1.6455672784139674,0.30988485264656446
,1.5776274859089383,0.39008534392974936,-0.12613749465051974,0.2709978613010945
,0.5278290282502042,0.29390877235255597,0.03190926493373328,0.1561954195755216
1.173892147735839,-0.8200670820921594,-0.7568466851501948,0.3490189300812353,-0.041299247045638976
,-0.5886035836332366,-0.7869577789719242,-0.5456441971465004,-0.07483477192372127
,0.3676781819670741,0.10905849552595641,-1.08967860105146,-0.013809539542136809
-1.3139984626396437,-0.5992480548285504,-0.46266711120228593,-0.13547092445406042,-0.07324348960917255
,0.43338156012862517,0.15741544938900748,-0.8041628440265697,-0.18428154307293906
,0.38324452930058167,0.638283063265402,-0.4157125642928251,0.150306320485781
0.47195716777909974,0.5183937191362735,1.2981809533987316,0.017084116798673495,-0.0035601407416438755
,-0.2921073033371273,0.4317111112244167,-0.5353679484681984,-0.2746433429989097
,-0.6605653902550284,-0.485065045497841,-0.787215175555065,-0.3705126952824739
-1.635080800760087,-0.9660151764280448,-0.8756557987480512,-1.3752327945441696,-0.38727294345816876
,-1.3716383717907568,-0.2472400439150654,-0.8618093273005718,-0.5943124988384972
,-1.291227230242763,-0.4260617984164634,-1.3188349509122275,-0.7192213979140634
-2.062594716914021,-2.2979042296225582,-0.6447426124667023,-0.6455088829000285,-0.8210359472912581
,1.9688729055035932,0.23374805886052988,1.21426369787016,-0.21204336676429406
,-0.8647206125653479,-0.45997809092358516,-0.11445793650262076,-0.44871209258609224
-0.21100406012051245,-1.123004178051165,0.5555169252895333,-0.08555502012146136,-0.7383145911503375
,-0.8509966694915815,-0.28730760535845734,0.26656227514805236,-0.28881539129943573
,-0.4291858531325844,-0.9809657497871691,-1.426793472629222,-0.6615735054928173
-0.9834382296046423,-0.5128050685437407,-0.9015664604962991,-0.5222390078413858,-0.8543508154092464
,-1.1074362103670206,-0.008428960621229907,-0.9878376995149709,-0.5061817184821972
,-0.4308774981533187,-0.6443782909868396,-0.015241456427120461,-0.5482566156730203
-0.5944079131767852,-1.1558935756338946,-0.6307909381991794,-1.0862819129430021,-0.7306101061658652
,-0.49012463111458854,-0.2071364583200601,0.0541592286918065,-0.43800380698403446
,-0.9038132292513488,0.5750672313255133,-0.42524025186120423,-0.2368288359879118
0.5827753312333551,1.7718186691755795,-0.15708901881028714,1.4876835158765305,0.20803575868979785
,-0.7970135380452822,-0.3267828010698544,-0.5535877023571089,-0.34675889062749926
,0.7058955788806194,0.2776911936375556,1.2851609868379046,0.12004275113423829
1.4651041228904795,1.1597637710324602,-0.08204560716801028,-0.19251063538728058,0.3107338668221013
,0.48245587553350106,0.37538167125123784,1.1772729469202994,0.32047361507227623
,0.4735959432817598,0.09532103127308898,2.0668182756095836,0.50143773990404
1.210312202183584,1.3928045619786404,0.5709000655993899,-0.23108332140165913,0.5715807043105734
,1.0758523926028483,-0.51542976310493,-0.3276394441222788,-0.7830841050727311
,1.3504192280744036,1.00235466660398,1.156527386803612,1.8851454723345549
1.290672853505327,0.6487779171496778,1.4365541800037311,0.775700251448411,0.2966144054058384
,0.3069557793737288,0.6276237733801661,0.7147833124758382,0.4463200055192881
,0.3554778048244429,1.0649598189071938,1.4384551225593363,0.44379052613734715
1.169624941284621,1.909845754482348,0.25943510204777237,0.3818563513222097,0.6023073569528707
,0.3112700344630802,0.7695024773021274,-0.2316188136676759,0.6730976086632581
,0.3373466424660467,0.6424146560831727,-0.10946839984934066,0.28445015674348706
0.9604699162303623,0.46420702164597,0.7257703000910398,0.30099083527572124,0.44739500337322413
,0.3957747666459799,0.08834499436138535,0.5078445281125645,0.34229277470813757
,0.2193737268179157,0.9451058808719675,0.5949481055303864,0.4750165997502287
0.25684771685571667,0.12985683574216025,0.10698094283426604,-0.6524181084116355,0.34543421279450304
,-0.03563001323650914,0.7143108790644062,-0.20649360126491773,0.224333043518241
,-0.4555955829795329,1.088856463487766,-0.29242905256950097,0.34576368213651454
0.12488751831767798,-0.20306127874504895,-0.9824253021830022,0.18317537849272753,0.29615820280427024
,0.18797562596698564,0.5236249077905522,0.5934442453108142,0.41466187739680244
,-0.10961052967388699,0.4073492891170211,-0.07963527848600842,0.01147366173321984
0.26142567923437415,-0.21514965114400633,-0.4916425718001445,-0.4033242186200458,0.2570324761251795
,0.14570926791397398,-0.20901193059465548,0.11394807936433361,0.021091439859048232
,-0.007548028023023,0.38879782763640036,0.5825700908385445,0.3845361561928032
0.17988797986040264,-0.3901157631844683,-0.6365829440689806,-0.2742747078367196,0.13325393301297375
,0.01680050388619774,0.08490891987082093,0.8306942130433336,0.2682205071888132
,-0.21496588963182156,0.32213411773175393,-1.6337648938140132,0.046624059980120786
0.7757641283248743,-0.6836949956249747,-0.3752327991469739,-0.016247491234684514,0.11896978663340389
,0.17591124260129481,-0.055355497869985754,1.4080762823856148,0.12352128005300284
,0.22638647538811196,0.38318579781065276,0.05063910851698603,0.1452941698359675
0.05365133814475426,-0.5255623014438072,0.47917456823156807,-0.9923442037212377,0.1152923242324237
,0.20130096293013833,-0.08084960515381302,0.4568413313833935,0.1524696259301774
,0.8725978233132382,0.7275490954390583,-0.6526030328613046,0.07626798953529444
0.22896782746408026,0.3858432075875241,-0.7858780714744409,1.1326131581198522,0.002195374151959396
,-0.8761839818691657,0.47283424058965634,-0.6828921041189552,-0.011741645132261848
,-0.897546858239011,1.1185651351442099,-0.09893884253451514,-0.059776335522877394
-0.21642184634303244,-0.04227353158713987,0.16096063929572552,1.5799563321286685,0.11067858935184863
,0.038649605215159206,-0.23391920593162774,-1.0248059715045685,0.007918544830131977
,-0.5657513254630995,-0.3039112857616123,0.37767181516438586,-0.36645902432804917
0.25008373519586874,0.4881227760489019,0.1758185416301114,0.33332092490362697,0.33293659847326057
,-0.3389259593101405,0.26543532717737944,-0.05990916667897459,-0.013205980995926733
,0.12563394207044895,-0.1892570404472056,1.8943148081291263,0.37803356201062754
-0.13710360911128447,0.2836626645666914,-0.3137365779876851,-1.4219766270314744,0.1074865328628583
,0.24830869904688407,-0.024447047583795515,-0.4529678024007773,0.10689669511232999
,0.8350265503184204,0.220689529318274,1.6499973424690693,0.12986390238679493
0.052173426519970555,-0.5625253663778904,-0.6157980722968004,-2.9507503007869516,0.07545562447645413
,1.2293048983225383,0.14110253237949158,2.976242921365687,0.19567328976843223
,-0.020242413170812112,0.09214606749965416,-0.1003524480610404,0.2013977510644813
0.3620270213717002,0.5212314815839256,-0.42286946042458656,-0.43601655445351617,0.3505482345026018
,0.4912735597201526,0.47976307350483227,-0.3306631705855798,0.17245256065160877
,0.3973367110256422,-0.2339153702795552,0.2528566171462544,0.07703221339535228
0.16763917641085624,0.5459700163329946,0.23706583657593405,0.575486940503867,0.3663861236441898
,0.6207146977883164,0.6760966345019985,-0.5708277948346411,0.0772343824884515
,0.24898313383179807,-0.13243958304879103,0.7812741342138668,0.16573295111936678
0.9505158384638736,1.2415469168707853,0.7845947328909321,-0.28545576638336223,0.5989614583179467
,0.3544617924038635,0.5731177411611686,-0.4272401535955483,0.17458325182365442
,0.41137693595707925,1.5926379414905196,0.5580391317665468,0.2635105461802074
-0.155077920121854,-0.1874485700475268,-0.9684397660344785,-0.3844648369839237,-0.05853417373021696
,0.36379348818244783,0.4623332825864646,0.8059110323800693,0.5415572150678125
,0.06834388245383169,-0.1561561298735338,1.219078806279182,0.23702641018977547
0.5793130735756923,0.4623453349634548,0.3622001119900666,-0.6543792114775766,0.1841690124224286
,-0.3715785958243559,-0.1436438773213528,0.09063504054876374,0.1623099214176029
,0.14252925665161542,0.295156191396851,0.6745885751288837,0.37695472667049457
-0.09142996903943314,-0.14428315968421276,0.45851991029723493,-0.5397966433720458,0.1506057395763189
,0.36134943454656754,0.07298346860061514,-0.1337582549368447,-0.010049012459690584
,-0.49736278404903245,0.029631686022047767,0.16216037136094125,0.33308498897619454
0.5962863668491245,0.2995102547523972,0.6169851722303961,0.49579475119401584,0.21036574641239988
,0.10400029809531,-0.3595238076838352,0.1538007023790481,0.33319423832704914
,0.31306277661163107,0.5031754725465514,0.9577208249704758,0.23648657036410212
0.30510841350670265,0.14672176617532373,0.6895595837214282,-0.08435561374991618,0.20689951051225638
,-0.6236220363491242,0.10727847859692272,-1.142095348000457,0.21060514535556377
,0.10775867121716859,0.2842586074526201,-0.7060419128515919,0.0964563307891315
0.07175478704590496,-0.1972861332618738,-0.8115661114195789,0.6147229979598562,0.058271065535531776
,-0.7351127725360961,-1.047591050190893,-0.5750951780915531,-0.017302413853588272
,-0.16284771233710243,0.04219932464240569,-0.45466641598250407,-0.030029708489820357
0.051151450989071305,-1.16821585674773,0.2001621294117271,-1.0831913836998235,-0.14270113560204062
,0.8553800861423936,-0.08365676014407758,2.0398999946989593,-0.12867169046485194
,-0.5075558537847192,0.03936317895985551,-0.7983872610493247,0.1803536975644151
-0.4497939041514721,-0.2927861168565675,0.4272888525882174,-1.0304097090993136,-0.04168127360965703
,0.19057294528466362,-0.2858174184625848,0.599248727138916,0.22108478362863468
,0.43314047813937767,-0.10317957034480792,0.10516729361729765,-0.07796074127199906
0.37557376031096346,-0.7051305782006464,-0.3567135817472254,-0.8689118008472811,0.3499194745213315
,0.786831599494112,0.21410241333945776,1.1174662226907552,0.16261391813543738
,0.33666068800194987,-0.20054322826332097,0.3261726253121123,0.10628292047194174
-0.2968730634219628,-0.3949396917549872,0.645373555352651,-1.1942356604539504,-0.15598072550641695
,0.1475944993355286,-0.5433061290323993,0.5275483670071416,0.02865987494337718
,0.1940462954551342,-0.14818534106335043,0.042051652493043525,-0.17451010204402906
-0.5699270770713208,-0.33398638597565916,0.2634966198767174,-0.6539267785283034,-0.26208833359252787
,0.21723913522899138,-1.3483551661564557,0.6969554374677851,-0.529514079857638
,-0.13808867511746292,-0.5630619470493676,-1.7955614592086873,-0.3361165930508468
-1.4699962339818746,-0.8015931947397344,-1.8661527648726415,-0.5602383156655968,-0.4332919356371096
,-1.4616497719308326,-0.3912494878394869,-1.2202800186125937,-0.44747910823758846
,-0.8853518291936329,0.3088879357056196,-1.096495532020688,-0.29175583449519876
-1.0623670317309009,-0.5080980191746242,-1.8284338171652534,-0.7619161494082336,-0.3783697105625589
,-0.9210357347646814,-0.35908704161886146,0.3341648241805533,-0.7081584402044819
,-0.7475988592733254,-0.2507565554259005,-0.6910419036224362,-0.46751633389344055
0.08703812083794663,0.10776026400133916,0.030711715649197623,1.5421472366844302,-0.5471936675254421
,0.8854081955514287,-0.38062495155144727,0.5342831593992403,-0.35940460907153216
,0.6810045532910232,0.5226616234723744,-0.5768761334711111,-0.08827290140514706
-0.16569451343890512,0.1253364906088763,-0.7199365712295926,0.9592958054766815,-0.27063230931249604
,-0.14561248191975254,-0.12627828433487182,-0.5536571162637733,-0.19429012149606453
,0.6977156796318876,0.06922587461204487,0.19032129800296926,-0.1522159970395377
-0.3101625696151053,-0.26956089094248503,-0.6657221561123257,-0.09598347475093626,-0.1678129016973337
,-0.2986928972942076,0.021723381041735875,-0.46813303351588503,-0.3033209834284359
,-0.6364668469285532,0.6624086433049619,-1.2999693784309763,-0.16156649317707375
0.47172697440491146,-0.7066458147595841,0.06337524128929697,1.512880163595899,-0.15378994901229565
,0.5805623162016431,0.4854664472396414,0.035946906883610345,-0.28930092192006257
,0.7171407791102193,-0.24431353964752064,0.16823629167864457,-0.12417668053550635
0.3676703884918496,0.6405067035152833,0.06212257854045279,0.399495628412131,0.02528854925686956
,0.18243213599551486,0.4911918977611783,-0.946823725946316,-0.006138626617086841
,-0.10167144764714668,0.3316040560155582,0.739280042297308,-0.11511522490021678
0.2790504783876119,0.784564366343415,-0.5586750352765505,0.9890151731087483,-0.07635428438207023
,-0.7406757042847633,0.2397807416741014,-1.5783631631411164,-0.01595737721028616
,0.17385393075226385,-1.1081531069623987,1.0338564453527124,-0.15253380102281888
0.32948584351267224,0.5519744694299124,-1.2334858666644737,0.1702086250706902,0.0797983967308467
,0.23861465002952212,0.3513125834550149,-0.035120852966320636,0.01590643734818501
,-0.0029118328458337317,5.984214049331403,1.1795420410616746,0.12988805825019326
-0.4774664301513713,0.25042789610400673,-5.65866168697233,0.03503377375062852,0.2355561144244954
,0.3441992039928088,0.5367663254655015,-0.29677884998645454,0.18827632176559678
,-0.2624728335181224,-0.9285493725032947,-0.7384299142242,-0.27579378122358794
-0.09492960273564442,0.12826964589792153,1.1058060578404467,0.26831477534313336,0.24580404038741407
,-0.5479994791273718,-0.2692355110005004,-0.045647785957652794,0.20633353017882333
,0.07608371210119264,-0.743591607366261,0.6256407503401314,0.05268491844112069
-0.1916779172119919,0.10701885106536967,0.09070365269670026,-0.6084363853299283,0.2671611841125998
,-0.2759515446686663,-0.07131169807928611,0.26457516237001316,0.013557635682873447
,0.3731000756599791,-0.7634356652695112,0.5958471573492974,0.1695883751663906
0.6217993537739193,0.6181100831901637,-0.9462849583030614,0.18983045672244314,0.22325882086662743
,0.3249665317672228,0.12483695547595061,0.26507267131643336,0.1753344720105707
,0.4439107317220347,5.673630880830114,0.09262005154439051,0.2980391842160111
0.26270049794808636,0.16230194962768082,-4.06429680290128,-0.08465443088412845,0.2078768442112229
,-0.0936242983618134,-0.14978879413541474,0.6170550611772251,0.06296758385782635
,0.8830954074686619,0.14515990151407082,1.2745184585284632,0.484517310527097
0.6172237024763721,0.45822447714841585,1.2557473327840691,-0.6459522581012169,0.30434098908792134
,0.32551032689137743,0.10663826727886058,0.027619596898728282,0.2864449578377875
,0.5399664364437563,-0.5415533820276257,0.619940113060831,0.261295915420577
-0.09270601237079981,-0.02877006231083316,0.04780454206281293,-0.56855335540978,0.3368132288814449
,0.5321395159842061,-0.14720188639952378,1.8847284153808,0.22608868423194584
,0.14895338527969734,0.39606620759939287,-0.5637902293488125,0.29694356757344315
0.4241137931373621,0.6872322332322532,0.9037144219521909,0.4843233990482394,0.0992065199935783
,0.5419150091640115,-0.41811754411617824,0.5875447969472954,0.3924551609502516
,0.8737743530602194,0.30034695285798285,0.47358868385592434,0.2359302338093369
-0.3044178337510925,0.03920721680142376,0.09329200487064504,0.20271010055945887,0.27398741252124836
,-0.28881570114902366,-0.013755992751958206,-0.6774835730338186,0.06546571039258356
,-0.008399407987310382,0.018832010290820097,-0.2154133947549683,0.10117819616418743
-0.35643064401394325,-0.34452728049399445,-0.07956988862219813,-0.8401348036933077,0.018327092411518864
,0.34646782247357066,-0.3372057880618193,0.4607682556561037,-0.23426613732279689
,0.1793502840415183,0.36234332105136546,0.6601522278985025,0.1435010371579301
0.1524819429978028,-0.595593135031045,0.16715827085789192,-1.2203812654322146,-0.07737874516986941
,1.210178792422277,-0.045228069281513635,1.5906478383416007,0.17125216823700878
,0.24585788890334248,0.38266459719978113,-0.29153483993718654,0.11732267644984959
-0.005648203218837086,-0.3337247616827321,0.13345528015567334,-0.13867523582170416,0.010744530031378725
,0.1031956990250387,0.3216326849862776,0.5328651836181826,-0.009558248956844748
,0.19345183680381325,-0.16553365732849154,0.23085422333185915,0.02020083223321855
0.058811357061445635,-0.7215993966564489,-0.17905464689924372,-1.0591206334408412,-0.21972679448240956
,1.3476177996245906,0.9968297560039371,0.6073102642432808,0.3907706805198598
,-0.3114782091270295,0.11377290637304355,-0.14083490645164162,0.15412844660859767
0.9053617980813622,0.8821445181226508,-0.0643640474672548,0.5995841797678974,0.027122464726380482
,0.6331996075757668,0.44407258369860997,0.4822458342090299,0.2704033124123871
,0.6178655931948094,0.8026342412364721,-0.5975323339869708,0.17866047590527795
0.19514438386920885,-0.15882072812809644,-0.5170247109633667,0.5075296178196865,0.14254784928758352
,0.36789234775809626,0.3146786586115466,0.11632645032518864,0.04338802826529031
,0.49269851615747273,0.2527771836630807,0.0834992315019449,0.07530693149360948
0.32535295772231426,-0.18031693220737627,-0.22288672368375612,0.501501529326941,0.16313945407679345
,0.7721219709751718,0.21698203970720661,0.4637685021905342,0.1861005860675106
,0.490324649340123,0.3268990386036286,-0.8155327243331686,0.06517822640400259
-0.03663870487032085,0.02321280067468598,0.30397727440880473,0.9456455320074318,0.08981194812390397
,1.066475446662867,0.3740917278254374,1.6047982513212018,0.2325248725895164
,0.4966577848300034,0.38351677966836323,-0.14450368737012934,0.23137633898101656
0.9028501631665221,-0.07445945963327401,-0.1027846682788103,0.10831186713968596,0.20256499472220843
,0.42678236760377963,0.4978648231373001,-0.2059630155540539,0.16706511411358285
,0.32200711864936865,0.26788143972193484,0.995167209182605,0.1441997628495638
0.5190036255906001,0.7144526674849189,0.44380676853891626,0.7029810165812012,0.2011791001149769
,0.8969034943930726,0.6633879155289566,-0.4327994941298632,-0.24669933739130073
,0.8019988868858076,0.1864065292921504,0.5239195766127485,0.4621669729510151
0.1553699163813765,0.7712045745768349,0.6044353949617066,-0.43817042805974726,0.26831497139793775
,0.6728661958630622,0.8955281083509871,0.747640996259296,0.20296525473127827
,0.2857638782373544,0.6259856669726678,-0.4051006942606753,0.23049493575400368
0.29346187153785463,0.3030302047272373,1.1673837688245634,-0.014329215449410968,0.13992524028809217
,0.02563959735232039,0.8170694855091732,1.0457885276173973,0.0770053090555781
,-0.11669317884472462,0.6663948718637557,0.2494602078682328,-0.008523303100416248
0.2215426130890495,0.2004314426485382,0.35061480969683506,-0.0656188244571999,0.17057193612776309
,0.5206573545710719,0.5065706000656599,0.11483373480649584,0.3298182883668766
,-0.7796635192165138,0.6101934268867636,-0.534934046040747,0.10012754129612299
0.5285584008244784,-0.5747497546386817,0.06510302287547173,-0.6964323969915396,-0.027603486801574584
,1.9872491214660835,0.32643144683894626,0.7715022639573785,0.23963966001144787
,-0.2565480635639257,0.1691576539990566,0.6504779074574495,0.05574480209817351
0.8512393973011502,0.553350363213082,-0.024096598881911385,0.5586853180882034,0.06332163821265793
,-0.25622377984917033,0.39041151769523147,0.191786305147359,0.15727388885038215
,0.2614154366759046,-0.014790855391461166,0.49028172768935413,0.2851585628568191
0.23420628430063295,0.27052049733419387,0.12902336382262736,-0.3018148759756938,-0.0707578670853995
,0.4439047879182303,0.36554680660881234,1.170260773087028,0.34543436666585164
,0.06121719802814704,-0.2546991145421244,-0.3133093471115517,-0.055512061200518784
0.13775763009956796,0.07165999940513494,-0.6267252187551212,-0.33042527173349134,0.2681071238994033
,0.47876718527397166,0.005163949801138273,1.1008149969988743,0.07647056003781635
,-0.2287100371733744,0.22334898070063613,-0.09504904228714663,0.14674005857392022
0.5902310116054355,0.4510395204175025,0.09461607778206896,-0.07056778232194658,0.23228442230975488
,0.29697766345192744,0.3445494854067721,0.5072550755848384,-0.011409908920430976
,-0.5919394080826351,-0.41647591132305833,-0.34329956838117137,0.052182960510894945
0.8802322729431162,1.1739038108269557,0.666968074061995,0.5854297196601705,0.31968229631489525
,0.39621847187379045,0.8900409944430004,0.2684693650541172,0.1663528645016035
,0.6732940525402913,1.0327276351580175,0.19513453015762613,0.20044909134904937
-0.29703577968989137,-0.23936686545938476,1.1639206284642531,0.513297218934988,0.0859030482906992
,0.19922337307417812,0.3677978089713806,-1.7612285349887549,-0.06661544592884339
,0.24710143741234694,0.1666187592441826,0.8515675750286649,0.4133575800776225
1.046632923271594,0.49964410707656054,0.41434933461982587,0.5437351286939159,0.1494692636970605
,0.142015929841675,-0.21194218823976568,-0.6494905066138682,0.07577100696144612
,-0.08518771067565394,0.40404162262903787,0.3948176203344551,-0.263249849807153
-0.5373593090693637,-0.3449342050242657,0.5731018769460465,-0.7366296248031298,0.0038213959065421976
,-0.437145583532131,0.477477804259148,-0.15403341555726488,-0.2006583792262026
,0.2806793292813683,-0.1840427446037361,0.7609540580052258,-0.07558366044512678
-0.08123228368962193,-0.5448280997992659,0.10298464962652,-0.8531079085905742,-0.1904625589687168
,-0.1375172260613483,-0.14434946521083097,-0.822450083203212,0.0518118308236156
,-0.514653004271325,-0.2712034485596079,0.5025477267774016,-0.00460823907407779
-0.933258410942713,-0.6741825968628327,0.34223948440896773,-0.8874702263031427,-0.2248477166487677
,-0.8478614840838604,-0.01948694097056497,0.20218010936662453,-0.10021631114927602
,-0.41934500562725335,0.12337525460478443,-1.2347867902274166,-0.25534158860451706
-0.055930368337596986,-0.5270678136535233,-0.9577375161642834,-0.8755633848016483,-0.582080264573038
,-0.7094853439918837,-0.8343714719646996,0.5731118050877628,-0.269474503438583
,-0.7145860824748621,-0.5477353566789456,-1.3787069697133547,-0.34852121562002975
-1.00036415295987,-0.7945548295640279,-0.35906379430590674,0.1497583006631717,-0.3715994733953407
,-0.2518675350516041,-0.44686781499582,0.5395167584820196,-0.3998490633224166
,-0.7243696346568527,-0.5377910528044092,-2.026653965846327,-0.5381268923452721
-0.37812418082353677,-0.4777684504463949,-1.2090876601360754,2.4189502784134045,-0.6066571146970147
,-0.7728107577932952,-0.4402346421667786,-0.6104672962173293,-0.6037479360740059
,-0.2010615633156202,-0.28123202943537146,-0.012062422542965676,-0.41550469544621393
0.13924618356569712,0.5655053715605602,-0.26474904178318837,-0.2693533403111656,-0.36808613292376785
,-0.16708240085435616,-0.29926949515626533,0.13427640323543077,-0.366947841661191
,0.6278468049937749,-0.3457511746825178,-0.6166859877821556,-0.2263889841207719
-0.06679800087798707,0.33585464688948413,-0.3967260543506676,0.8232951963566391,-0.3464574791073941
,0.2868067224396151,0.08319762324326159,-0.0026411467880591063,-0.18635075361807957
,0.6961834979697534,0.1418961494905312,0.10100800223834785,-0.1553473462637932
-0.2567596313479097,-0.19498361890873675,-0.8854966590901426,-0.4286450553447183,-0.3245533988840153
,-0.2675895634007889,-0.3726698191439859,0.6569515700852938,-0.20960879634762347
,-0.060517713693954416,-0.3098104575280944,-0.9353731259710106,-0.31041775546438016
-0.5173930929115597,-0.4348866698904941,-0.03593307564715955,-0.5884304760225493,-0.06089103731510918
,0.41158099751896726,0.005311139900087985,0.7543810864102689,-0.2096084599287373
,-0.7388297395132288,-0.10722161892322865,-0.8646217639831423,-0.4034213700983478
-0.14608682549447596,0.7005163762894278,-0.8695309207908991,0.33069726068473426,-0.06860958610703191
,-0.030495253458578325,-0.9191775960218903,-1.1529173734715594,-0.37892790295948275
,-0.4460707790297086,-0.13438051266126635,0.6143729348480584,-0.4748431942147519
0.1846307755137892,-0.8131021273074828,0.2995256113605929,-0.4381401933094216,-0.28995594022638677
,-0.19634462959540058,0.802368761436529,0.584077511814077,-0.1772005484226227
,-0.0225142599096569,0.1487257606570364,0.6359054043211678,-0.2225751794609682
0.9009911546065944,0.37786911508646565,-0.23050105134485596,0.481650276777493,-0.20961274749549225
,-0.38237121036882904,-0.09934727929682359,-0.22043402614780205,-0.2485039664847098
,0.5155679021718482,-0.06731962494295313,0.1719676369607979,-0.07864814319639442
0.43807219425903143,-0.02011672671866734,0.493614461213222,0.022651986617486332,0.033977065665323346
,0.5479186053444245,0.7376836619826207,0.15437928874617388,-0.15526937895917547
,-0.1076189552118433,-0.4702625482893484,-0.43221713818556723,-0.06862671740401444
-0.10922725989360263,0.013298364437545954,-0.826351788491719,-0.6214127455834659,0.0075065918629720245
,0.4863801301523551,-0.30464791971779825,0.4949477264049946,-0.12571141935146646
,-0.5676229344768523,0.23454546541525995,1.872825125444106,0.203216306628999
0.08267430564133145,0.24397439829704176,0.18743761439010018,-1.1179973597940827,0.14301632212200066
,0.6127498667256177,0.6139908801420346,0.05956822644712933,0.1576975645799894
,-0.9621187594090443,-0.13678971212199917,-0.2659240600018824,-0.0840127990289086
0.24264525636075313,0.608849751584726,0.44322899153980805,-0.05499322784327255,-0.13276469551883563
,-0.07141463844414722,0.06489239167419296,0.5764353023953617,-0.09695950795024379
,-0.043312220573243645,-0.08438568528631318,0.17486838616839595,-0.015169249607615601
0.30862138383316634,0.7675845833133516,-0.219986847461025,0.001003765096784458,0.2260872907233492
,0.09534727750064469,-0.8116364989469899,-0.024139214475426714,-0.11528681611296931
,0.6535260500182962,5.480318210685867,1.1815017879555714,-0.04910693993662563
0.3907575140427102,0.20735099324043502,-5.485836604115777,0.13247941422434237,-0.014900162682864126
,0.5926100456008888,-0.41062815351040155,-0.15638156534591002,0.1119802739469946
,-0.3077732002246824,0.2495090012041671,-0.7821324198453415,-0.05735169444955033
-0.17742619272888102,0.056011718825519974,0.11548014312292436,1.1393068012844292,0.2568476964415383
,-0.06292657344408023,0.4321546396678316,-0.3519474100854486,0.006562456548177077
,0.2957850206456384,0.12319073878495125,0.6454081766890604,0.11737917188214914
0.09083834341471343,-0.49174357498029814,0.1274400853760022,-0.24205428677042992,0.23644750146253207
,0.18271347144396388,-0.34504263330774587,0.03120020396016309,0.04678207008394784
,-2.1804789140751346,-0.7588532220063038,-0.6071661068626738,-0.14432433631008654
-0.11948553432840849,1.1143141195425654,0.82688311177522,-0.19481905123622076,-0.09668631437211636
,0.9862463566510979,0.7374896322680207,1.0192509420505584,0.23790874082508517
,0.3429548180122602,0.33074967598098437,0.31968207505184726,-0.009544765291519158
0.6081962940510737,0.0041830011355060825,1.0845829284071447,0.2759602880662742,0.12632591777104785
,-0.1161651399581372,0.7526243736241198,0.023228622672095137,0.17177286855026472
,0.0759823155540732,0.3673175952248063,-0.03668495574677863,0.17091877315588097
-0.39288541641801994,0.14826080639360392,-0.16950632576100638,-1.0124432695186651,0.005067882826740795
,-0.1342736721876152,-0.5614055415852643,0.5356664063886628,-0.15751576040543083
,0.19069348777657202,-0.19775117550342686,-0.42565339516741235,-0.1017910438260012
-0.49311679583030565,-0.22860594846261448,-0.5601890314291724,-0.5648204307208842,0.03183338265478236
,0.29215592396197904,-0.5524244650179647,0.3069210571963523,-0.005591649471878714
,-0.3494186248696903,0.6386461649184807,-0.20033136604319063,-0.040404886452002776
0.16051938670979438,-0.2673651370188113,0.6848823583614851,-0.12090318910403519,-0.18734830842055394
,-0.1884656129507508,0.49549220393099114,-0.13364899710819253,0.05683515602705299
,0.9089023227223256,0.44196622867877533,1.2171247827540115,0.02317336002423361
-0.3541156550790358,-0.5332888500846206,-0.5569613547043164,-0.7188607723993299,0.06589373402167317
,0.8451850662819299,0.285879684731094,0.34131751583177844,-0.10273873128824708
,0.024442477754996087,0.3465681674682895,-0.07455524043996575,0.06650464853632067
-0.06766825749561461,0.5393512689959935,0.13651202051443362,-0.33553861496838494,-0.131148628751572
,-0.10442410916463823,-0.2046099535922072,0.4019238228943305,-0.027116256341049288
,-0.13195454779883367,-0.3835557661586297,-0.28413745075221875,-0.11536746614542455
-0.1005909497891854,-0.32400161506042874,-0.28041463770064023,-0.7065594872537159,-0.2388748555284111
,0.04398391636434718,-0.5101689065932634,0.9154176001255321,-0.2462157511348702
,0.0943436500817571,-0.2084982225478207,-0.14199245286991596,-0.10070691761550914
-0.05249052496494344,-0.46552517636637825,-0.5533124794861426,0.2810746683320391,-0.11544015557643024
,0.4264665471637039,-0.4228643597913075,-0.39717635845602983,-0.06907866701519538
,-0.09957443234310497,0.19330117004569738,-0.8981822656675945,-0.08139721378898412
-1.0244324754006062,-0.2900740693442828,-0.2713688963656656,0.25612355763950884,-0.2131942220420494
,-0.5419852318924503,-0.1918938726362139,-1.0218927658896306,-0.2863640511812896
,-0.4932815276260243,-0.28968397626677383,-1.3457705523558143,-0.2937205158050807
-0.0827160192811188,-0.8752914068444888,-1.2425473875574893,0.708472459133636,-0.47564459174091167
,-0.8040484088057249,-0.9428247467556758,-0.7902107120367313,-0.43694508515990726
,-0.43208703402524784,-1.1174400556686193,-0.3015921573992441,-0.3956299839981777
-1.1151718992371364,-0.6339002866237989,-0.9324830215002345,-1.6955306407800788,-0.45344282751117587
,-1.80759306747313,0.4101986778861077,-0.8279819107769821,-0.5605844837001426
,-4.734141641232411,-0.3590181382296509,-2.3397022697172045,-0.7605784491250389
-2.647953729483764,0.8882788474742949,0.6087252240270236,-1.0009812566216543,-0.7870719763597545
,-1.5253350660461389,0.4861932130758263,-2.5752985188322164,-1.1370165291911205
,-3.1069741070622414,-2.056904358694222,-0.660433101893465,-1.0749189028089237
-1.6767937123809815,-2.755733064213558,-3.037310476390428,-2.04221495472512,-1.1707545834996442
,-0.7837841203091349,-2.7455897570380503,0.35941081043025264,-1.1662048298772343
,-1.7917396833312655,-1.3056935142439432,-1.9924841823351314,-1.2526907832168288
-0.7958528048837046,-0.9788809185430949,-0.46711651036150376,-0.8668387378979817,-1.0630300842764708
,-1.1896887067154216,-0.45210756365902544,-0.14668231378404983,-0.6602533903795529
,-0.4907237362883919,-1.5252832974390271,-0.3229721061344999,-0.8001078121918094
-0.30772345787668215,1.0842650812479728,-1.075623486094166,1.1098602809000997,-0.6527556221808977
,1.0005764481250459,-0.7100127766616625,-0.13422955414459964,-0.4537262963517098
,0.7335830160708482,-0.4399975413997487,-0.08074960465903522,-0.4993565968452883
0.3645476253239075,0.07676863723406914,-0.3548220276228678,0.24691588779623772,-0.4480295017047192
,0.2656704297244577,0.11479075473543138,0.4733878546482657,-0.21350674242395679
,0.19717248176162933,0.041013898761797556,0.11007505802766232,-0.5327237736328114
-0.18491014218767174,0.9614022616073155,-0.6897592326759587,-0.4350842409476099,-0.2161171559695049
,0.20770698537899757,-0.46484413093719007,0.3942515333748149,-0.33443469637283757
,0.5747023430835388,0.2713850406101674,0.9265812779801044,-0.0001306019693619793
0.2601422480032415,0.2156440604894318,1.324734429184384,0.5992975709289974,0.12307091707406262
,1.26979052984701,1.1462575482989334,-0.45879910155693077,0.47002050542781976
,0.06911906540442858,-0.16237996775715816,0.6598750939835069,-0.38142012530660957
0.07911139323521382,0.2384790554354661,0.05498057804059875,0.5580505793220553,-0.3298720458075369
,0.22237672056766689,-0.06942617192419871,-0.1399467117929242,-0.20702230641064953
,0.13200335114599449,-0.17413758319701675,-0.1980514958082931,-0.3040773777622967
-0.14749795940662097,-0.4412533407555212,-0.07421832996211904,0.26789907259882956,0.15293342327080592
,-0.08694527654605466,-0.049004839328995846,0.06565821175842708,-0.042935706379359166
,0.878196573666951,0.7941529657328131,-0.028623922668616332,-0.10376387846431631
-0.8497968619017054,-0.3863353888398802,2.1332499285440285,0.8895487973844031,-0.19928657615624648
,-0.5897205943024476,0.36794658346758835,-1.439483535233117,0.07417248433486355
,0.9203049085505016,-0.6996824937863586,0.8192856354715324,0.08271466992266958
-0.007951157867436722,-0.505949890652886,-0.5270994623328998,-0.5041113211253784,0.19662593990804914
,-0.03221149275143581,-0.3813040831197914,-0.8721854364144891,-0.07109380079450349
,0.14756590923694798,0.5833233815268476,0.7009926535600294,0.08256417322092786
-0.6518229302689015,0.3346014723505691,0.5883489430597961,0.21313152248219897,-0.12900552796645692
,0.5034255861060598,-0.3560641519644339,0.4658696479094276,-0.03954032835610419
,-0.2405318369312198,-0.5251461982169793,-0.753746747012582,0.07141868556714473
0.40336575590859713,0.5689802024972612,-0.30660851522382204,0.9217750674512728,0.05820363212786267
,-0.17279580830517488,-0.49670165938666816,-0.5014723470912552,-0.03388733721270498
,0.3878651417481773,1.2274427743089387,0.5834825433649693,0.04351786769263176
0.14130261126162555,0.4668564989503713,0.7253356016868344,0.3337013788588836,0.24507185712580795
,0.17006493106680132,0.6450475477851056,0.13115226767447247,0.12479741911710851
,-0.7033473555590573,0.10022784921711898,-0.26559160221614836,0.09506697337467147
-0.2200715622195266,0.5848039957136417,0.2805772293308576,0.10134600250154414,-0.1111555507467429
,0.06309420524364043,-0.4389634491157685,0.0812663161018229,-0.07211726285138587
,-0.14196984306886712,-0.5187636248568258,-0.42867532409361564,-0.1087695857021755
-0.4985780246959222,0.04770581772961143,-1.4490113345889477,-0.017717842650618272,-0.025711615167359606
,-0.5854207088203777,-0.5751995214786478,-0.26247926614664874,0.019378377128095363
,-0.21590630719459053,0.9366295780053743,-0.05244467262744539,0.01655901877699964
-0.5247305552485318,0.1713895794133969,1.0251133297725392,-0.5230749747563779,-0.01886945229472457
,0.24293706129179346,2.0412220018275744,1.4302881616322876,-0.011562622575395462
,0.1377479041979711,4.060893642626496,0.14007164913794287,0.10336920267587056
0.27762294791770104,-0.17619957634630914,-9.487897236873804,0.08750925134395841,0.02033147035582312
,0.3385527876481787,-0.6448443607159182,0.17413594893945855,0.15103600683478596
,0.2661916251116607,0.14800386941309718,-0.6561911904068499,-0.029021956497251138
-0.3847012391502737,-0.26839907712019256,0.534961643777563,-0.30848283723190656,0.020538920295782626
,-0.061620493116725586,0.3305804793845869,0.8070354061975179,0.06742859390503236
,0.03305153456426013,-0.3808050842155199,-0.4564938676315157,0.01985619680503492
0.15309741365691668,-0.5003748119931432,-0.6858263749819081,-0.168387213342047,-0.06961624818283853
,0.462691892175204,-0.058729261723184635,0.1791783815144253,0.10721478634968183
,0.39641404019459336,0.4042070237932568,0.12002201731882456,0.007820520393862485
0.1718436072528269,-0.28277875320894535,-0.9174521126487912,0.29181897705990906,0.06305104623824427
,0.10517392302876775,0.1580688178852657,0.8809774298688049,0.13034835107661238
,0.06420529549933662,0.022839565308532112,-0.5176951058056433,-0.13826100063426444
-0.9491938003280698,-0.5595378153862494,0.5390405728962487,-1.0734199269504032,0.02264760314278774
,0.6292262530801441,0.576641049815224,0.5585217545482134,-0.02306160311915835
,0.8708850245051705,0.46309194909947055,0.5258229686642248,0.12624719614785818
0.5588699306584585,-0.07458973531498854,0.049489835912565235,-0.08599872496256884,0.17328550644358706
,0.2613507054242142,-0.047723714372866266,0.056506033424689,0.05405320931589495
,0.18447826651531735,0.21533605139595885,-0.19625454989767885,0.20229435357790154
0.4884380940101442,0.06114283270857322,0.05013674806093723,0.35237715730596025,0.06394939820846271
,-0.32604203455092695,0.44340333234212054,-0.01851300570244819,0.02953246263314786
,0.15399584217863546,0.20316821224799145,-0.2029331693252108,0.14795478158009545
-0.16534954376622374,-0.14082830865413798,0.49749048715159716,-0.05455070887842044,0.07464903409915191
,0.48439071944528894,0.6149640315853615,0.032155338149461976,0.1454019493980808
,-0.14306665245255862,0.6787438254748985,0.31757739823004244,0.12177275052042746
0.19832390815786208,-0.9885811988269025,0.9236646679626735,-0.010994363276346342,0.03696366992969817
,-0.8256871512263677,0.2347104893292405,-0.5361592426717786,0.10264116164903743
,-0.5175284145042641,-0.8477526066816348,0.30196073910436544,-0.09326996444714766
-0.06062686406815502,-0.7356456379267119,0.10329428556012404,0.4977245781841067,0.11862400010977737
,-0.6323127960908331,-0.0052137080353188035,-1.0856586699980206,0.2004653804264947
,-0.4799493233283133,-0.24468911464874354,-0.03340021416191568,-0.004419373883840024
-0.2625326556313758,0.49401765780343776,-0.07076554600061019,0.05625065128241705,0.1275290718073544
,-0.33873948315535185,-0.020757754268013785,-0.07496929036009348,-0.04904719000284974
,-0.45343709665993587,0.07814695502440257,0.6734979079941487,-0.030198066966718642
-0.4613115696025625,-0.6544689882442142,0.07353752422578307,-0.3694709104906798,0.1522894849994127
,-0.909831302140761,-0.42961381589909586,-0.35855505032023893,0.06274504244166842
,-0.6738363430225927,0.25337570146850397,-0.31066687147077426,0.10958143215436825
-0.09737238788333322,0.35804876122765206,-0.14134070833697635,-0.1245320123080704,-0.051435648313402874
,-0.701509320936592,-0.4141180363298498,0.5163490080795234,0.02384002793896441
,-0.9613391990509328,-0.35498250395927594,-0.14932111294719463,0.09177783634094529
-0.3354245374726712,0.17309229002036744,-0.606804847300778,-0.2649971648172374,0.018410595528270686
,-0.396202829172685,-0.4503454409524585,-0.6762827251539356,-0.15552350394143907
,0.34535702759211806,-0.10607217678532524,0.34080717948021394,0.0801944423347158
0.022273868383406233,-0.040388362557705865,0.3826419144212617,-0.25445073586826494,0.22956532882910038
,-0.2686194000879637,-0.21616187853783134,0.4842040333767455,-0.04249207617374701
,-0.25289009439566434,0.13151344068606377,-0.06009465091554789,0.14750592674877855
-0.12060711451624949,-0.08807371862318229,-0.13943663819748958,-0.07658421896771238,-0.09306295775283899
,-0.5612439453308394,0.22269872660488685,-0.15055800118616494,-0.07220074465853457
,0.5778631823428098,0.22068688620715765,0.8838479505902719,0.05323351302808714
-0.18270898655236023,-0.39717906170375067,0.14444922130143636,0.05929558821264893,0.04702557224848487
,-0.5617146774953767,0.21013967472922093,-0.3241781442961969,0.046639827540523954
,0.4895660827192192,0.2728895514640118,-0.3680523432334012,-0.06830198710926312
-0.1154724566648217,0.8843533428881285,0.11454031270094141,-0.4929015729272878,0.028701452636675992
,-0.07041834078360647,0.770189661432421,0.16963884573217405,0.02952361286176761
,0.05719091554449101,-0.22113599176301962,0.10607780721919961,0.025730086731354525
0.09517761864793857,-0.42083141579970995,0.1879705084870224,0.16852442493337913,0.009287177890882936
,-0.633723003386067,-0.08232773210137101,0.30383172872033565,-0.039287110749342526
,-0.039171466343111534,0.1486376317452243,0.24061193340608364,-0.10723003515652264
0.4070486015169318,1.137036918061798,0.3223333298602062,0.3132679747190182,-0.04414939825976983
,0.10799757917610046,0.382480718475588,0.47035117738450205,0.047443483415236326
,0.08444307446868772,0.03953446020202976,0.39450638827750983,-0.03654091760312043
0.11810406768189695,-0.16243333607957822,-0.5490611705037758,-1.3355629083155436,-0.05158764718265741
,0.09301907505597239,-0.051985309535810334,0.25393259840926224,0.2420035366450633
,0.31351243331020023,0.04174601101355894,-0.37825143945230955,0.049301551388204946
-0.1422330056131552,1.024038956246605,-0.1297231290168074,-0.17510930683935425,-0.04669695475986657
,-1.1433220520785927,0.12111976446330257,0.46750115611727955,0.15327380806083438
,0.6998060104721987,0.3440221762294271,-0.5937669020979837,0.040170882838562405
-0.056672456729897076,-0.028644777926316072,0.45050782738756895,0.01104715136353655,-0.13920479325875995
,0.5482151034985845,0.29232410378618934,0.24271340809305705,0.08500451439161733
,-0.11508346317513149,-0.3642537783963196,-0.21442147617727342,-0.11900307577042127
-0.5007741305994964,-0.33487994223595985,-0.16124505895331984,-0.46597199153093244,-0.01848474656790388
,-0.07729954571980832,0.10357449290577952,0.10508303278062295,-0.10560644324149031
,-0.12789665056722918,1.6782815095567383,-0.3788607858162736,0.008258498726219662
-0.05610066326584009,-0.8473450025965903,-0.3447621170951688,-0.0009876071436980347,0.07332074281818828
,-0.6999545797953313,0.03756943796803744,-0.3516944768260877,-0.20156835383547775
,-0.14932508564350092,-0.08238878969056485,-0.3790090182558739,0.050347756387173474
0.13812885152403795,-0.7296760319939988,-0.48672983607300563,-0.8503448743186393,0.12630950097313798
,-0.014877698587807507,-0.349998195202914,0.35865544731500765,-0.1769372430482865
,-0.03330665860207816,-0.14255302087846852,-0.08050434481274601,0.035947224425716406
0.44662201212829533,-0.7063900101586755,-0.42360117314150125,-0.12857824531996942,-0.09978736144348445
,0.6325332776220238,0.45082346325910133,0.04549410613476092,0.05444577846254483
,-0.48647368392671947,-0.030586329355709697,-0.4642556491495688,0.008264960567201645
-0.003072496503454497,-1.0482965623280551,-0.012378725445549492,-1.168657751964413,-0.10239444020149711
,0.41601619595360984,0.3821414307682668,0.26901090938333067,0.02345146171941644
,-0.3721099803953334,-0.9455431932537021,-0.5528882348964753,-0.06699835785028009
-1.9140825435173863,-0.779268689793851,1.3434464607461585,-0.2919881435012526,0.05407063045249218
,0.18384410716695332,0.5151550884083032,0.19912253881595737,0.08141541076093918
,-4.330683604643953,-3.930452940802356,-4.005006553755035,-1.7564452808653792
-7.917567732518494,-13.96937742679288,-9.664308619825047,-10.066119626557523,-23.103915382522434
,1.476884587290166,3.2588463808597576,6.780181410013924,3.1767565111176403
,6.706390333785265,3.1551387809123783,6.491300216787261,5.666311279009215
6.582492980610975,3.6265860283739686,0.9266506173687644,2.163142405984437,1.7334657973568282
,0.8556305777091966,1.3420991312218036,0.04524660436358927,1.687139812082819
,-0.201789890663341,1.5199377527000546,0.1910633212409956,0.931426953812454
0.3680593824050436,0.5292158363697438,1.8974240445448776,0.5517854299654495,0.6142699863957959
,0.3011575180938877,-0.620944437331136,-0.1732044591693036,0.11154040792570442
,1.1850947803419352,-0.2187257712332247,0.5565551433828064,-0.42469811066758945
0.6402587111500586,0.4868521955532491,-0.7765165175361705,1.612235687812743,0.2238187103556815
,-3.649775539357614,-0.3086237118506784,-2.7569612459859036,0.39276578894168496
,2.7719853821968026,1.0156471779286296,2.93194780010013,0.7612984221332852
0.8151700713253239,-0.013073006945286918,0.9186292149020002,-0.17966385432244833,0.21873180749592655
,0.7462620236254348,0.4140270170685811,-1.9946002330679906,0.2830082823308623
,0.32483433479237295,0.19592570474622473,0.024514105399703504,0.7179524103312158
0.15443862508242656,0.2774817998769647,0.23205604501306054,0.0775019341697031,0.8691322197246879
,-0.1871595131380758,-0.3899893242008546,-0.7202828141342705,0.35171455289328646
,-1.2505145665072233,0.10275520883047616,0.12787773600571073,0.32579300476465584
1.0299312902125763,1.270783098469513,0.25934778249450746,0.3558959557295666,0.7708417696923727
,0.7895052499881825,-0.4311755878242597,0.08523365648061765,0.515284407891241
,-0.2362716315943822,-0.7904110296244049,-0.3340101250992649,0.44206688160002205
-0.8684522053738235,-0.14007684406183885,-1.3306287985930156,0.9884284143560261,0.045204414372710076
,0.4898515365240982,-0.49407319743267586,-0.8520204395454033,0.7693686050086435
,0.6867152958043763,-0.938180395768351,-0.5528468769392776,0.3185390034716645
-0.5666125611645062,0.07231159956720869,-0.3493103784301738,-0.25096469576109276,0.13179149542032548
,-0.0961293225255497,-0.4085411339329256,-1.396197607969707,0.059884105181623
,-0.3058159747022929,-0.8735978006292663,-0.49110419319177395,0.3039004248694219
-0.011059611770289043,0.07085818606421278,1.3458964275317833,0.23994445676591397,0.5626687968563878
,-0.03924869345724395,0.3367307820591969,0.9754355614850023,0.05302347424320207
,0.205724865198908,0.20972867964043906,-0.4473510317998752,0.041609459926572036
0.13138706705344122,-0.24952133885658787,-0.5459550744333388,0.09712471289353548,0.23143036132327532
,-0.5016235300329146,-0.42935902872371107,-1.0062551296360707,0.11734701205798695
,-1.454280594450728,-0.06070854545821688,0.7084957186397458,-0.07042224428583074
0.006293074734413178,0.7827325757231662,0.480988418189223,0.9690583684734607,0.2771995989497854
,-0.10699371191836907,-0.11873795898530415,-0.8360967701719393,0.12533611777408032
,-0.14627913804879175,0.2976648736239511,-0.9333141317357534,-0.11581800264024204
-0.07207936978314831,0.25517120261315573,-0.10915894157020234,-0.27029085742208997,0.026609567080275894
,-0.4061747578854781,0.14657494578003616,0.6330843081453245,0.03823019269244359
,-0.7680648533307212,-0.11896207180022912,-0.41780767107638084,0.07040626350650965
0.35589609444758946,0.5436594109769627,0.06559305675978244,0.6446196287154375,-0.048071491746755575
,-0.13731209128280084,0.024766617652861075,-0.31343584564105076,-0.03848812239473822
,0.054972341337489176,-0.03222502187117856,0.28028620164063833,-0.0375782254312289
0.09531449390231347,-0.8973667230689203,0.1903854415124806,-0.16164460157473887,-0.007523967770883218
,0.15334840529474986,0.4774910771653219,0.401664555056076,-0.056283660616395115
,-0.4198525176259701,-0.013395282902332252,0.4979599097072877,0.08147080829342714
-0.25833435143963523,-1.3268543142770435,0.6072866884487952,-1.0695984052481189,-0.08034030836572086
,1.1175282373267312,-0.2887013931520051,0.20344170739860426,0.030247996459112414
,-0.37173279153076383,0.014280918400090895,-0.31301985147084455,0.055665582872387855
0.049533697361296515,-0.3250649603377895,-0.6110330886347274,-0.4006590312241416,-0.08188864322167735
,0.47413831555343877,0.15177551426667624,0.35852471101405203,-0.0016868199087879663
,0.11668172968714191,-0.33147163957280984,0.23454839587513934,-0.11528638816600761
0.06844818196509192,-0.9019989615498334,-0.4393577798143707,0.4454402845879841,-0.11426891993564446
,0.348525991685542,-0.35325036425104916,-0.15162608649266948,-0.13247944103664677
,-0.5980807175040386,-0.2983195762322358,0.4447186757816671,0.04791870387546983
-0.07199540843469261,-0.6335717273165264,0.20352429076832387,-0.3344784424275437,-0.16141116615307585
,-0.3119186713201062,0.09030395531399546,0.16612841770073897,0.0698395316496398
,0.872081290289436,-0.12070981160239172,0.4015449323597906,0.13534846708330917
,0.37387654424312183,0.19848657925487334,,-0.09045484514988604
,,,,-0.08417065057003885
,,,,0.03343080465623193
